<?xml version="1.0" encoding="UTF-8"?>
<GenRun Id="sine_mid_synth_1" LaunchPart="xcku040-ffva1156-2-e" LaunchTime="1650804434">
  <File Type="REPORTS-TCL" Name="sine_mid_reports.tcl"/>
  <File Type="PA-TCL" Name="sine_mid.tcl"/>
  <File Type="RDS-DCP" Name="sine_mid.dcp"/>
  <File Type="RDS-RDS" Name="sine_mid.vds"/>
  <FileSet Name="sources" Type="BlockSrcs" RelSrcDir="$PSRCDIR/sine_mid">
    <File Path="$PSRCDIR/sources_1/ip/sine_mid/sine_mid.xci">
      <FileInfo>
        <Attr Name="UsedIn" Val="synthesis"/>
        <Attr Name="UsedIn" Val="implementation"/>
        <Attr Name="UsedIn" Val="simulation"/>
      </FileInfo>
    </File>
    <Config>
      <Option Name="TopModule" Val="sine_mid"/>
      <Option Name="UseBlackboxStub" Val="1"/>
    </Config>
  </FileSet>
  <FileSet Name="constrs_in" Type="BlockSrcs" RelSrcDir="$PSRCDIR/sine_mid">
    <File Path="$PSRCDIR/sources_1/ip/sine_mid/sine_mid.xci">
      <FileInfo>
        <Attr Name="UsedIn" Val="synthesis"/>
        <Attr Name="UsedIn" Val="implementation"/>
        <Attr Name="UsedIn" Val="simulation"/>
      </FileInfo>
    </File>
    <Config>
      <Option Name="TopModule" Val="sine_mid"/>
      <Option Name="UseBlackboxStub" Val="1"/>
    </Config>
  </FileSet>
  <FileSet Name="utils" Type="Utils" RelSrcDir="$PSRCDIR/utils_1">
    <Filter Type="Utils"/>
    <Config>
      <Option Name="TopAutoSet" Val="TRUE"/>
    </Config>
  </FileSet>
  <Strategy Version="1" Minor="2">
    <StratHandle Name="Vivado Synthesis Defaults" Flow="Vivado Synthesis 2021"/>
    <Step Id="synth_design"/>
  </Strategy>
</GenRun>
